date,name,code,open,high,low,close,volume,turnover,turnover_rate,pos_p(mean),pos_p(median)
2021/10/18,创业板指,399006,3287.04,3287.04,3231.05,3276.48,95237732,1.98E+11,2.22,0.301466667,0.07385
2021/10/19,创业板指,399006,3293.8,3310.02,3273.55,3297.29,97524324,1.98E+11,2.27,0.346324176,0.1364
2021/10/20,创业板指,399006,3304.55,3320.33,3276.82,3285.12,101313044,2.07E+11,2.36,0.375009167,0.1964
2021/10/21,创业板指,399006,3286.27,3304.01,3256.85,3279.49,99955587,1.94E+11,2.33,0.290245185,0.0979
2021/10/22,创业板指,399006,3290.54,3309.56,3268.94,3284.91,102248579,1.99E+11,2.38,0.324375229,0.0768
2021/10/25,创业板指,399006,3303.22,3342.22,3302.49,3338.62,104409541,2.16E+11,2.43,0.368119792,0.156
2021/10/26,创业板指,399006,3370.79,3370.79,3322.19,3327.54,115421051,2.33E+11,2.69,0.356607207,0.2064
2021/10/27,创业板指,399006,3321.64,3324.35,3283.73,3308.96,116326899,2.28E+11,2.71,0.275049206,0.0513
2021/10/28,创业板指,399006,3301.91,3335.93,3266.31,3278.36,106916756,2.24E+11,2.49,0.301926984,0.0443
2021/10/29,创业板指,399006,3275.83,3358.35,3253.04,3350.67,114832781,2.44E+11,2.67,0.337902069,0.1331
2021/11/1,创业板指,399006,3341.47,3374.54,3302.96,3331.91,118892882,2.48E+11,2.77,0.331049505,0.1637
2021/11/2,创业板指,399006,3329.41,3373.18,3307.5,3339.6,126929526,2.55E+11,2.95,0.190569748,0.0345
2021/11/3,创业板指,399006,3334.41,3363.75,3301.44,3327.09,107344993,2.17E+11,2.5,0.309485965,0.0674
2021/11/4,创业板指,399006,3351.3,3380.21,3344.76,3362.25,120315843,2.41E+11,2.8,0.346689474,0.18635
2021/11/5,创业板指,399006,3354.38,3383.3,3347.16,3352.75,146071644,2.66E+11,3.4,0.414984545,0.3129
2021/11/8,创业板指,399006,3353.89,3393.39,3341.6,3380.29,142140736,2.63E+11,3.31,0.283608247,0.0495
2021/11/9,创业板指,399006,3400.97,3409.94,3377.51,3409.94,135163195,2.45E+11,3.14,0.357355645,0.2075
2021/11/10,创业板指,399006,3388.05,3403.31,3338.46,3399.66,146438326,2.69E+11,3.41,0.31299,0.0605
2021/11/11,创业板指,399006,3396.65,3443.96,3393.98,3433.24,160049961,2.97E+11,3.72,0.443979675,0.335
2021/11/12,创业板指,399006,3436.26,3446.04,3409.48,3430.14,159366787,2.91E+11,3.71,0.421978261,0.27815
2021/11/15,创业板指,399006,3435.62,3435.68,3387.53,3401.87,163286152,3.06E+11,3.8,0.319375817,0.1038
2021/11/16,创业板指,399006,3400.34,3423.52,3389.55,3393.71,163438149,2.98E+11,3.8,0.370897778,0.1651
2021/11/17,创业板指,399006,3413.43,3425.57,3400.77,3421.33,150039572,2.69E+11,3.49,0.448004673,0.3451
2021/11/18,创业板指,399006,3416.64,3416.64,3374.01,3383.91,158807898,2.87E+11,3.69,0.302680769,0.0957
2021/11/19,创业板指,399006,3385.83,3419.75,3378.38,3418.96,143651046,2.72E+11,3.34,0.35385566,0.13655
2021/11/22,创业板指,399006,3434.57,3505.73,3430.59,3505.73,151512707,3.18E+11,3.52,0.382657778,0.163
2021/11/23,创业板指,399006,3501.22,3508.9,3482.69,3492.77,155539469,3.15E+11,3.62,0.368275658,0.14985
2021/11/24,创业板指,399006,3488.38,3501.58,3469.36,3478.66,160103457,3.26E+11,3.72,0.351904615,0.13385
2021/11/25,创业板指,399006,3477.6,3490.62,3462.13,3474.45,159861102,3.15E+11,3.72,0.380759184,0.1869
2021/11/26,创业板指,399006,3470.21,3501.34,3461.19,3468.87,154450650,3.03E+11,3.59,0.350840394,0.1213
2021/11/29,创业板指,399006,3455.61,3522.5,3455.61,3503.41,147618156,3.12E+11,3.43,0.385674921,0.2284
2021/11/30,创业板指,399006,3520.29,3520.29,3472.58,3495.59,160870671,3.18E+11,3.74,0.40472695,0.2523
2021/12/1,创业板指,399006,3492.44,3501.33,3459.51,3473.37,159308703,2.98E+11,3.71,0.362169886,0.1125
2021/12/2,创业板指,399006,3464.92,3487.94,3456.31,3466.91,162528852,2.91E+11,3.78,0.335579535,0.1175
2021/12/3,创业板指,399006,3467.41,3482.46,3446.95,3478.67,134108854,2.57E+11,3.12,0.32568961,0.07305
2021/12/6,创业板指,399006,3460.96,3479.86,3403.16,3405.93,139565612,2.60E+11,3.25,0.30369383,0.0923
2021/12/7,创业板指,399006,3429.76,3429.84,3338,3368.78,130414423,2.56E+11,3.03,0.296689482,0.09495
2021/12/8,创业板指,399006,3388.32,3428.23,3378.28,3424.7,117223017,2.30E+11,2.73,0.326841767,0.1366
2021/12/9,创业板指,399006,3422.38,3463.65,3400.38,3459.32,132985741,2.62E+11,3.09,0.389591724,0.1197
2021/12/10,创业板指,399006,3431.29,3485.08,3429.57,3466.8,131223519,2.64E+11,3.05,0.276441799,0.0584
2021/12/13,创业板指,399006,3473.39,3508.19,3457.54,3496.96,143239654,2.70E+11,3.33,0.33905,0.12365
2021/12/14,创业板指,399006,3491.82,3507.27,3486.91,3495.06,156779354,2.75E+11,3.65,0.39988855,0.3084
2021/12/15,创业板指,399006,3492.58,3520.47,3462.51,3464.76,159256018,2.82E+11,3.7,0.35331413,0.1345
2021/12/16,创业板指,399006,3479.18,3491.18,3467.73,3490.45,153450440,2.72E+11,3.57,0.392629907,0.1744
2021/12/17,创业板指,399006,3480.51,3486.24,3427.02,3434.34,164781829,2.89E+11,3.83,0.283626568,0.0668
2021/12/20,创业板指,399006,3420.86,3434.09,3327.79,3332.61,149900129,2.65E+11,3.49,0.313336275,0.0963
2021/12/21,创业板指,399006,3328.89,3354.92,3306.96,3350.43,138275569,2.24E+11,3.22,0.287017204,0.0977
2021/12/22,创业板指,399006,3360.28,3379.08,3354.38,3368.7,153185964,2.44E+11,3.56,0.311944526,0.0654
2021/12/23,创业板指,399006,3379.81,3389.85,3358.92,3373.7,137255777,2.33E+11,3.19,0.345478981,0.1453
2021/12/24,创业板指,399006,3381.54,3384.29,3280.94,3297.11,148551196,2.53E+11,3.46,0.271304398,0.064
2021/12/27,创业板指,399006,3296.41,3315.75,3273.82,3293.81,128810644,2.10E+11,3,0.309508145,0.0799
2021/12/28,创业板指,399006,3300.31,3331.32,3280.07,3328.56,133601610,2.27E+11,3.11,0.361328324,0.1353
2021/12/29,创业板指,399006,3326.08,3326.21,3281.9,3281.9,129301801,2.22E+11,3.01,0.336137966,0.15
2021/12/30,创业板指,399006,3285.77,3339.65,3280.31,3322.79,149972058,2.43E+11,3.49,0.369718987,0.1714
2021/12/31,创业板指,399006,3342.19,3353.57,3315.07,3322.67,144676877,2.39E+11,3.37,0.393270485,0.2289
2022/1/4,创业板指,399006,3348.13,3349.45,3238.24,3250.16,177664374,2.98E+11,4.13,0.325242814,0.10095
2022/1/5,创业板指,399006,3242.44,3245.76,3145.05,3161.51,177659988,2.97E+11,4.13,0.330810099,0.12515
2022/1/6,创业板指,399006,3133.05,3150.11,3093.04,3127.48,156512904,2.58E+11,3.64,0.323996174,0.0995
2022/1/7,创业板指,399006,3137.07,3147.23,3093.21,3096.88,161234396,2.65E+11,3.75,0.264725717,0.0574
2022/1/10,创业板指,399006,3082.78,3115.47,3051.53,3095.69,131560261,2.31E+11,3.06,0.292527434,0.0816
2022/1/11,创业板指,399006,3094.7,3103.83,3050.59,3056.15,136094723,2.35E+11,3.17,0.262629577,0.0655
2022/1/12,创业板指,399006,3091.67,3139.38,3088.78,3136.69,134519227,2.46E+11,3.13,0.33199157,0.1318
2022/1/13,创业板指,399006,3145.02,3145.02,3083.14,3083.14,143819131,2.48E+11,3.35,0.295837759,0.087
2022/1/14,创业板指,399006,3059.14,3128.25,3057.94,3119.41,158501819,2.71E+11,3.69,0.250108267,0.0609
2022/1/17,创业板指,399006,3124.63,3176.24,3113.98,3170.41,179115594,3.10E+11,4.17,0.339728502,0.1113
2022/1/18,创业板指,399006,3168.79,3177.82,3136.25,3144.33,193728704,3.22E+11,4.51,0.261929648,0.07
2022/1/19,创业板指,399006,3139.23,3141.28,3052.65,3075.98,162485750,2.71E+11,3.78,0.265112992,0.0713
2022/1/20,创业板指,399006,3072.39,3102.31,3056.96,3065.99,170969272,2.84E+11,3.98,0.276899357,0.0444
2022/1/21,创业板指,399006,3052.98,3069.88,3020.3,3034.68,138642944,2.30E+11,3.23,0.25419346,0.0803
2022/1/24,创业板指,399006,3011.63,3071.06,3010.2,3056.43,116341870,2.02E+11,2.71,0.266637815,0.0881
2022/1/25,创业板指,399006,3035.82,3055.88,2974.96,2974.96,137955487,2.15E+11,3.21,0.269282492,0.0767
2022/1/26,创业板指,399006,2993.16,3008.38,2952.91,3004.41,104776238,1.77E+11,2.44,0.26505392,0.0768
2022/1/27,创业板指,399006,2994,3001.55,2904.71,2906.76,116443558,1.91E+11,2.71,0.254335466,0.0682
2022/1/28,创业板指,399006,2945.72,2962.77,2882.67,2908.94,105431398,1.81E+11,2.45,0.283431954,0.0777
2022/2/7,创业板指,399006,2972.19,2987.5,2905.25,2917.86,104094572,1.72E+11,2.42,0.284754119,0.08795
2022/2/8,创业板指,399006,2913.32,2913.32,2782.28,2846.48,107192486,1.85E+11,2.49,0.27243968,0.0861
2022/2/9,创业板指,399006,2844.84,2887.73,2818.39,2883.6,127073175,2.04E+11,2.96,0.267860638,0.06445
2022/2/10,创业板指,399006,2891.3,2891.3,2796.9,2826.52,115864084,2.07E+11,2.7,0.253679812,0.0651
2022/2/11,创业板指,399006,2800.75,2811.78,2742.51,2746.38,123544637,2.11E+11,2.87,0.244586594,0.0602
2022/2/14,创业板指,399006,2723.51,2776.23,2710.88,2732.01,103137853,1.86E+11,2.4,0.258965531,0.08685
2022/2/15,创业板指,399006,2744.39,2817.81,2739.42,2816.44,101154952,1.85E+11,2.35,0.240433087,0.0604
2022/2/16,创业板指,399006,2829.65,2841.33,2808.27,2818.4,105677435,1.86E+11,2.46,0.260300549,0.0787
2022/2/17,创业板指,399006,2813.48,2861.97,2804.89,2839.83,125136942,2.12E+11,2.91,0.280072527,0.0872
2022/2/18,创业板指,399006,2819.55,2829.82,2803.24,2826.81,107503657,1.87E+11,2.5,0.270274902,0.085
2022/2/21,创业板指,399006,2830.6,2836.28,2794.26,2804.6,138332756,2.28E+11,3.22,0.290704015,0.0893
2022/2/22,创业板指,399006,2783.28,2783.28,2741.97,2765.91,140269801,2.35E+11,3.26,0.252795285,0.0768
2022/2/23,创业板指,399006,2770.21,2845.08,2770.21,2843.87,141077453,2.55E+11,3.28,0.2593276,0.07695
2022/2/24,创业板指,399006,2817.8,2852.72,2746.62,2783.9,194823613,3.17E+11,4.53,0.258940198,0.0632
2022/2/25,创业板指,399006,2827.83,2882.07,2827.83,2855.8,130211028,2.36E+11,3.03,0.254691212,0.07965
2022/2/28,创业板指,399006,2844.82,2881.31,2834.54,2881.31,118207475,2.11E+11,2.75,0.26496,0.09825
2022/3/1,创业板指,399006,2895.39,2905.13,2865.88,2885.79,119441818,2.18E+11,2.78,0.364091358,0.22345
2022/3/2,创业板指,399006,2866.69,2866.69,2811.12,2834.64,120817661,2.09E+11,2.81,0.216453556,0.0301
2022/3/3,创业板指,399006,2850.67,2853.47,2789.51,2791.95,125794532,2.19E+11,2.93,0.242438158,0.05035
2022/3/4,创业板指,399006,2763.06,2797.82,2737.47,2748.64,133627597,2.31E+11,3.11,0.248771063,0.0692
2022/3/7,创业板指,399006,2718.44,2720.78,2620.83,2630.37,120078129,2.18E+11,2.79,0.2619151,0.0705
2022/3/8,创业板指,399006,2645.11,2654.64,2567.91,2582.99,136251822,2.40E+11,3.17,0.237186318,0.056
2022/3/9,创业板指,399006,2594.96,2608.21,2462.17,2566.72,143749752,2.45E+11,3.34,0.246037967,0.0611
2022/3/10,创业板指,399006,2645.36,2664.58,2625.6,2635.19,138444365,2.54E+11,3.22,0.243767887,0.0808
2022/3/11,创业板指,399006,2589.7,2668.24,2566.03,2665.46,138711255,2.47E+11,3.23,0.26852161,0.0774
2022/3/14,创业板指,399006,2638.49,2647.25,2570.28,2570.45,127249772,2.32E+11,2.96,0.241577283,0.0586
2022/3/15,创业板指,399006,2547.72,2615.71,2504.78,2504.78,139790915,2.48E+11,3.25,0.253581427,0.0689
2022/3/16,创业板指,399006,2549.15,2639.93,2478.44,2635.08,154177669,2.82E+11,3.59,0.304110045,0.0936
2022/3/17,创业板指,399006,2684.84,2764.25,2684.04,2710.73,171330127,3.27E+11,3.99,0.265689918,0.0776
2022/3/18,创业板指,399006,2693.15,2725.69,2668.93,2713.79,138496952,2.36E+11,3.22,0.234510458,0.0579
2022/3/21,创业板指,399006,2730.21,2756.35,2702.18,2726.18,144461358,2.44E+11,3.36,0.304524084,0.131
2022/3/22,创业板指,399006,2718,2718,2676.84,2688.23,134501338,2.22E+11,3.13,0.21099662,0.0378
2022/3/23,创业板指,399006,2707.57,2725.56,2682.13,2715.95,124740713,2.07E+11,2.9,0.229492593,0.05045
2022/3/24,创业板指,399006,2697.43,2725.28,2655.92,2706.21,119781878,2.01E+11,2.79,0.187825926,0.0383
2022/3/25,创业板指,399006,2702.65,2714.15,2637.94,2637.94,115519788,1.94E+11,2.69,0.22241635,0.04515
2022/3/28,创业板指,399006,2622.47,2622.59,2576.23,2594.13,106819512,1.80E+11,2.48,0.197258273,0.0367
2022/3/29,创业板指,399006,2603.42,2633.45,2581.38,2592.67,109982339,1.80E+11,2.56,0.247757527,0.05565
2022/3/30,创业板指,399006,2612.71,2696.83,2610.41,2696.83,107478221,1.91E+11,2.5,0.217386452,0.0498
2022/3/31,创业板指,399006,2683.19,2686.28,2646.24,2659.49,120775688,2.05E+11,2.81,0.20176087,0.0398
2022/4/1,创业板指,399006,2641.75,2687.15,2632.98,2666.97,118863503,1.88E+11,2.77,0.226886007,0.0494
2022/4/6,创业板指,399006,2662.28,2662.62,2615.92,2633.91,115767309,1.78E+11,2.69,0.213593396,0.0353
2022/4/7,创业板指,399006,2611.98,2632.1,2576.53,2578.53,116513848,1.79E+11,2.71,0.211669024,0.0375
2022/4/8,创业板指,399006,2578.74,2609.35,2546.51,2569.91,108805417,1.72E+11,2.53,0.196180903,0.03255
2022/4/11,创业板指,399006,2536.15,2536.15,2455.46,2462.04,108217475,1.73E+11,2.52,0.256842156,0.06605
2022/4/12,创业板指,399006,2461.6,2523.69,2459.26,2523.69,103760061,1.56E+11,2.41,0.233868659,0.0646
2022/4/13,创业板指,399006,2499.19,2513.47,2466.84,2466.84,104074890,1.56E+11,2.42,0.221036388,0.0419
2022/4/14,创业板指,399006,2495.16,2498.81,2443.15,2466.29,92386386,1.59E+11,2.15,0.231959597,0.0494
2022/4/15,创业板指,399006,2443.35,2483.75,2416.7,2460.36,101913692,1.63E+11,2.37,0.200378794,0.0387
2022/4/18,创业板指,399006,2435.85,2491.6,2410.86,2487.77,83293883,1.38E+11,1.94,0.253830979,0.0754
2022/4/19,创业板指,399006,2484.52,2510.41,2444.59,2453.55,84771292,1.41E+11,1.97,0.210966725,0.04415
2022/4/20,创业板指,399006,2440.3,2443.31,2357.91,2363.65,96710387,1.61E+11,2.25,0.221491399,0.0502
2022/4/21,创业板指,399006,2352.22,2378.34,2298.75,2312.46,104363067,1.59E+11,2.43,0.240076514,0.0606
2022/4/22,创业板指,399006,2299.16,2321.14,2279.78,2296.6,95141972,1.49E+11,2.21,0.2267126,0.04895
2022/4/25,创业板指,399006,2240.04,2262.77,2168.9,2169,121635218,1.72E+11,2.83,0.258892253,0.0669
2022/4/26,创业板指,399006,2172.8,2218.56,2149.6,2150.51,113775882,1.61E+11,2.65,0.229465892,0.0533
2022/4/27,创业板指,399006,2122.32,2271.17,2122.32,2269.17,124006331,1.84E+11,2.88,0.237775828,0.0568
2022/4/28,创业板指,399006,2249.51,2266.43,2206.96,2227.65,106755886,1.62E+11,2.48,0.208260589,0.0415
2022/4/29,创业板指,399006,2247.7,2322.97,2221.99,2319.14,124049347,1.92E+11,2.89,0.244336175,0.06975
2022/5/5,创业板指,399006,2263.92,2317.17,2242.96,2288.4,102798612,1.76E+11,2.39,0.209528877,0.0402
2022/5/6,创业板指,399006,2227.68,2274.39,2222.49,2244.97,97438679,1.47E+11,2.27,0.227906667,0.0488
2022/5/9,创业板指,399006,2236.17,2263.12,2213.58,2228.07,89802670,1.30E+11,2.09,0.225172642,0.0518
2022/5/10,创业板指,399006,2192.06,2287.87,2187.44,2276.35,101407905,1.62E+11,2.36,0.299055368,0.0901
2022/5/11,创业板指,399006,2280.96,2401.1,2275.27,2346.15,130449754,2.18E+11,3.03,0.268487445,0.0886
2022/5/12,创业板指,399006,2325.95,2367.31,2324.76,2351.27,101298872,1.54E+11,2.36,0.280417059,0.1106
2022/5/13,创业板指,399006,2367.55,2373.3,2334.37,2358.16,87124462,1.34E+11,2.03,0.259135178,0.0646
2022/5/16,创业板指,399006,2376.64,2395.75,2328.74,2331.23,92161554,1.39E+11,2.14,0.252574615,0.0779
2022/5/17,创业板指,399006,2335.12,2370.66,2323.07,2369.09,94186473,1.43E+11,2.19,0.253497059,0.0662
2022/5/18,创业板指,399006,2373.89,2384.6,2352.92,2365.38,96377812,1.40E+11,2.24,0.284349213,0.08325
2022/5/19,创业板指,399006,2329.96,2377.31,2325.67,2377.13,97363712,1.47E+11,2.27,0.310774499,0.1006
2022/5/20,创业板指,399006,2395.35,2426.58,2384.11,2417.35,101254474,1.58E+11,2.36,0.302491039,0.112
2022/5/23,创业板指,399006,2422.13,2423.79,2385.7,2410.12,99851346,1.49E+11,2.32,0.257107006,0.0529
2022/5/24,创业板指,399006,2404.6,2404.6,2316.79,2318.07,120189202,1.80E+11,2.8,0.208753054,0.0329
2022/5/25,创业板指,399006,2320.78,2332.96,2303.15,2325.6,87934858,1.31E+11,2.05,0.239161654,0.05245
2022/5/26,创业板指,399006,2329.43,2343.21,2283.44,2321.13,92064069,1.37E+11,2.14,0.30911122,0.06225
2022/5/27,创业板指,399006,2340.62,2377.4,2311.06,2322.48,91212882,1.36E+11,2.12,0.255221245,0.07145
2022/5/30,创业板指,399006,2338.35,2359.58,2323.82,2350.38,84634486,1.29E+11,1.97,0.283739306,0.0957
2022/5/31,创业板指,399006,2349.79,2411.18,2323.35,2405.08,101118564,1.59E+11,2.35,0.267990558,0.0741
2022/6/1,创业板指,399006,2403.35,2441.39,2395.97,2428.96,95981827,1.52E+11,2.23,0.275178475,0.0972
2022/6/2,创业板指,399006,2418.66,2463.35,2411.71,2458.26,97179110,1.58E+11,2.26,0.298669268,0.0986
2022/6/6,创业板指,399006,2456.16,2562.02,2455.95,2554.66,113564718,1.96E+11,2.64,0.283677037,0.0938
2022/6/7,创业板指,399006,2555.55,2575.89,2532.78,2554.63,112895854,1.82E+11,2.63,0.288626136,0.0811
2022/6/8,创业板指,399006,2558.15,2576.34,2507.11,2576.34,113003297,1.95E+11,2.63,0.252449747,0.0692
2022/6/9,创业板指,399006,2558.33,2561.41,2491.82,2500.21,101654751,1.60E+11,2.36,0.238483456,0.05925
2022/6/10,创业板指,399006,2482.31,2556.98,2481.96,2556.47,100860470,1.74E+11,2.35,0.315311667,0.1188
2022/6/13,创业板指,399006,2522.73,2563.24,2520,2546.49,109231777,1.81E+11,2.54,0.333554192,0.1384
2022/6/14,创业板指,399006,2515.51,2551.08,2461.54,2548.31,115693742,1.84E+11,2.69,0.269409292,0.0796
2022/6/15,创业板指,399006,2560.64,2631.94,2550.5,2575.09,127576522,2.21E+11,2.97,0.307160056,0.1359
2022/6/16,创业板指,399006,2575.96,2616.82,2574.95,2585.47,122937646,1.94E+11,2.86,0.287626087,0.1062
2022/6/17,创业板指,399006,2561.4,2666.08,2559.67,2657.21,121119135,2.10E+11,2.82,0.26321344,0.0625
2022/6/20,创业板指,399006,2672.77,2741.59,2672.32,2710.14,125890314,2.21E+11,2.93,0.279652201,0.0913
2022/6/21,创业板指,399006,2707.98,2723.03,2664.69,2692.98,131251428,2.09E+11,3.05,0.282899647,0.1009
2022/6/22,创业板指,399006,2701.63,2721.81,2677.01,2677.29,119271805,2.00E+11,2.77,0.277960793,0.0818
2022/6/23,创业板指,399006,2693.75,2760.1,2672.58,2760.1,122679107,2.10E+11,2.85,0.279528328,0.0953
2022/6/24,创业板指,399006,2779.41,2824.44,2761.46,2824.44,127638735,2.32E+11,2.97,0.300214157,0.128
2022/6/27,创业板指,399006,2838.58,2863.66,2819.29,2830.6,133676288,2.40E+11,3.11,0.273839298,0.1032
2022/6/28,创业板指,399006,2827.35,2850.29,2771.93,2840.42,139739843,2.41E+11,3.25,0.302962656,0.0997
2022/6/29,创业板指,399006,2817.12,2845.46,2764.4,2768.61,145707205,2.53E+11,3.39,0.266101208,0.084
2022/6/30,创业板指,399006,2776.39,2834.49,2772.77,2810.6,123626806,2.18E+11,2.88,0.335383851,0.14195
2022/7/1,创业板指,399006,2810.11,2822.8,2768.48,2781.94,110512796,1.93E+11,2.57,0.271603409,0.0827
2022/7/4,创业板指,399006,2764.62,2834.69,2748.13,2834.69,109141294,2.09E+11,2.54,0.264942045,0.09765
2022/7/5,创业板指,399006,2845.74,2867.43,2780.36,2825.13,116374280,2.21E+11,2.71,0.241231737,0.07235
2022/7/6,创业板指,399006,2826.35,2858.05,2776.7,2802.72,105108564,2.01E+11,2.45,0.290780833,0.0967
2022/7/7,创业板指,399006,2814.15,2852.8,2792.18,2849.71,103292122,2.09E+11,2.4,0.229014159,0.08
2022/7/8,创业板指,399006,2868.69,2887.72,2810.65,2817.64,115016320,2.12E+11,2.68,0.262040065,0.0745
2022/7/11,创业板指,399006,2804.55,2804.8,2742.46,2767.46,101740944,1.84E+11,2.37,0.258904377,0.0504
2022/7/12,创业板指,399006,2768.82,2774.12,2697.68,2702.69,97870484,1.73E+11,2.28,0.241079783,0.0512
2022/7/13,创业板指,399006,2708.1,2762.51,2674.47,2746.86,93445579,1.71E+11,2.17,0.286931296,0.0712
2022/7/14,创业板指,399006,2739.92,2841.39,2736.32,2819.13,102746448,1.97E+11,2.39,0.293205685,0.0693
2022/7/15,创业板指,399006,2804.18,2835.01,2760.5,2760.5,112050434,2.00E+11,2.61,0.279991944,0.0612
2022/7/18,创业板指,399006,2778.4,2812.67,2736.26,2800.36,118130253,2.09E+11,2.75,0.272676442,0.08
2022/7/19,创业板指,399006,2799.38,2799.38,2736.67,2750.87,119441901,2.10E+11,2.78,0.250565931,0.0443
2022/7/20,创业板指,399006,2764.25,2786.29,2754.18,2765.16,115046371,1.97E+11,2.68,0.276570609,0.0859
2022/7/21,创业板指,399006,2756.32,2794.37,2741.31,2751.41,112492706,1.95E+11,2.62,0.276241423,0.0683
2022/7/22,创业板指,399006,2776.98,2788.94,2714.12,2737.31,108559373,1.87E+11,2.53,0.257893735,0.0821
2022/7/25,创业板指,399006,2732.61,2736.73,2693.16,2704.95,97962088,1.67E+11,2.28,0.253819453,0.0641
2022/7/26,创业板指,399006,2708.74,2729.38,2682.21,2713.46,93019219,1.58E+11,2.16,0.265292982,0.0788
2022/7/27,创业板指,399006,2710.74,2730.17,2696.2,2714.25,100393697,1.77E+11,2.34,0.271891444,0.0623
2022/7/28,创业板指,399006,2734.63,2749.14,2704.05,2705.9,120107323,2.09E+11,2.79,0.269036761,0.0726
2022/7/29,创业板指,399006,2716.1,2718.53,2665.65,2670.45,114185707,2.02E+11,2.66,0.257774935,0.0723
2022/8/1,创业板指,399006,2662.76,2734.64,2641.18,2733.74,114074695,2.06E+11,2.65,0.309589844,0.10615
2022/8/2,创业板指,399006,2692.12,2716.04,2651.85,2678.62,150284682,2.41E+11,3.5,0.262111794,0.0519
2022/8/3,创业板指,399006,2687.25,2716.22,2620.39,2628.82,135171218,2.33E+11,3.14,0.307617903,0.0967
2022/8/4,创业板指,399006,2645,2655.66,2610.5,2640.78,109966584,1.87E+11,2.56,0.334582066,0.1563
2022/8/5,创业板指,399006,2648.05,2686.23,2637.24,2683.6,121736685,2.21E+11,2.83,0.264288024,0.0594
2022/8/8,创业板指,399006,2668.99,2679.68,2647.25,2675.69,109973891,2.07E+11,2.56,0.248574242,0.0442
2022/8/9,创业板指,399006,2668.92,2698.46,2658.69,2694.8,111774869,2.12E+11,2.6,0.278065541,0.0634
2022/8/10,创业板指,399006,2688.13,2692.25,2645.55,2658.58,112191127,2.10E+11,2.61,0.202217561,0.0438
2022/8/11,创业板指,399006,2672.18,2724.85,2650.88,2721.49,131758742,2.38E+11,3.07,0.315574262,0.1341
2022/8/12,创业板指,399006,2712.69,2717.68,2689.67,2690.83,123906983,2.09E+11,2.88,0.259957534,0.0515
2022/8/15,创业板指,399006,2688.66,2734.33,2686.82,2718.59,109348711,2.03E+11,2.54,0.298650318,0.1219
2022/8/16,创业板指,399006,2725.93,2759.52,2718.17,2731.39,113334106,2.14E+11,2.64,0.299283234,0.099
2022/8/17,创业板指,399006,2739.48,2783.93,2719.22,2777.91,119572889,2.25E+11,2.78,0.273280749,0.0883
2022/8/18,创业板指,399006,2771.15,2797.49,2769.21,2775.82,120927253,2.24E+11,2.81,0.274352571,0.0554
2022/8/19,创业板指,399006,2779.99,2780.1,2733.05,2734.22,131774370,2.33E+11,3.07,0.244409894,0.0731
2022/8/22,创业板指,399006,2730.42,2782.67,2715.16,2779.02,112627375,2.01E+11,2.62,0.23202,0.0271
2022/8/23,创业板指,399006,2775.21,2802.05,2764.52,2780.31,105766486,1.93E+11,2.46,0.252651176,0.06025
2022/8/24,创业板指,399006,2800.38,2803.43,2675.88,2679.05,126146502,2.27E+11,2.93,0.24292278,0.0426
2022/8/25,创业板指,399006,2688.86,2694.16,2634.85,2667.3,106746535,1.88E+11,2.48,0.234027315,0.06015
2022/8/26,创业板指,399006,2666.21,2677.73,2634.43,2640.29,95427328,1.72E+11,2.22,0.265189406,0.0563
2022/8/29,创业板指,399006,2599.84,2641.17,2595.71,2630.51,89830569,1.58E+11,2.09,0.274944907,0.07155
2022/8/30,创业板指,399006,2630.13,2632.13,2594.78,2612.14,94137481,1.61E+11,2.19,0.236961081,0.04045
2022/8/31,创业板指,399006,2596.16,2611.65,2550.99,2570.41,106284307,1.87E+11,2.47,0.260594427,0.05125
2022/9/1,创业板指,399006,2561.93,2584.62,2531.81,2533.85,85700860,1.46E+11,1.99,0.23200872,0.0373
2022/9/2,创业板指,399006,2548.18,2552.34,2517.46,2533.02,85760128,1.43E+11,2,0.279610612,0.0738
2022/9/5,创业板指,399006,2528.71,2553.11,2519.89,2538.2,79959835,1.40E+11,1.86,0.297045138,0.1036
2022/9/6,创业板指,399006,2541.12,2542.98,2493.43,2540.64,81661953,1.55E+11,1.9,0.240804988,0.0514
2022/9/7,创业板指,399006,2525.15,2584.85,2522.38,2570.8,85303218,1.61E+11,1.98,0.316606699,0.0894
2022/9/8,创业板指,399006,2570.05,2572.12,2521.54,2523.01,80873956,1.45E+11,1.88,0.248238788,0.0456
2022/9/9,创业板指,399006,2535.74,2551.05,2525.77,2548.22,70056668,1.32E+11,1.63,0.271330732,0.0429
2022/9/13,创业板指,399006,2566.84,2569.11,2537.28,2550.63,70149154,1.29E+11,1.63,0.348460736,0.1236
2022/9/14,创业板指,399006,2512.28,2527.28,2486.08,2503.82,70540152,1.33E+11,1.64,0.276895129,0.0976
2022/9/15,创业板指,399006,2512.45,2515.21,2404.44,2424.19,92202708,1.71E+11,2.14,0.267744011,0.05645
2022/9/16,创业板指,399006,2418.44,2430.23,2366.89,2367.4,81543819,1.47E+11,1.9,0.288119194,0.06985
2022/9/19,创业板指,399006,2360.58,2389.48,2339.03,2350.38,70238823,1.25E+11,1.63,0.222265075,0.0496
2022/9/20,创业板指,399006,2366.79,2397.92,2351.89,2366.9,61600322,1.18E+11,1.43,0.327906158,0.1543
2022/9/21,创业板指,399006,2353.78,2358.96,2322.95,2331.52,63645768,1.12E+11,1.48,0.224351064,0.0449
2022/9/22,创业板指,399006,2309.29,2348.76,2302.64,2319.42,62689388,1.13E+11,1.46,0.278637282,0.071
2022/9/23,创业板指,399006,2320.92,2336.29,2275.29,2303.91,68529871,1.18E+11,1.59,0.266525777,0.0604
2022/9/26,创业板指,399006,2288.23,2358.48,2285.64,2323.05,67549810,1.23E+11,1.57,0.238712897,0.05015
2022/9/27,创业板指,399006,2336.04,2374.74,2325.65,2374.74,66154658,1.20E+11,1.54,0.293612134,0.1046
2022/9/28,创业板指,399006,2367.48,2367.48,2313.77,2313.77,65851571,1.17E+11,1.53,0.246802366,0.0449
2022/9/29,创业板指,399006,2343.28,2359.12,2321.56,2333,63693252,1.12E+11,1.48,0.270118919,0.0884
2022/9/30,创业板指,399006,2335.54,2339.19,2288.19,2288.97,58126088,1.03E+11,1.35,0.269658295,0.06995
2022/10/10,创业板指,399006,2294.72,2301.24,2230.64,2236.24,61381112,1.08E+11,1.43,0.289955155,0.0799
2022/10/11,创业板指,399006,2256.34,2273.9,2245.47,2261.89,55209963,1.01E+11,1.28,0.291612195,0.07395
2022/10/12,创业板指,399006,2260.68,2343.5,2234.46,2343.3,73388821,1.35E+11,1.71,0.272709113,0.07595
2022/10/13,创业板指,399006,2324.47,2374.61,2318.27,2350.69,78662261,1.38E+11,1.83,0.309408213,0.1436
2022/10/14,创业板指,399006,2379.83,2453.04,2365.14,2434.22,89092346,1.74E+11,2.07,0.313054613,0.1089
2022/10/17,创业板指,399006,2419.64,2446.7,2409.52,2435.02,90090084,1.60E+11,2.1,0.379831852,0.2099
2022/10/18,创业板指,399006,2446.36,2469.03,2428.15,2446.93,88359500,1.58E+11,2.06,0.339426946,0.1787
2022/10/19,创业板指,399006,2440.03,2463.78,2425.73,2425.96,82210782,1.47E+11,1.91,0.268245856,0.072
